{
  "num_eval_samples": 500,
  "prompt": {
    "accuracy": 0.858,
    "f1_macro": 0.8579,
    "f1_weighted": 0.858,
    "n_samples": 500,
    "classification_report": {
      "safe": {
        "precision": 0.8455284552845529,
        "recall": 0.8630705394190872,
        "f1-score": 0.8542094455852156,
        "support": 241.0
      },
      "unsafe": {
        "precision": 0.8700787401574803,
        "recall": 0.8532818532818532,
        "f1-score": 0.8615984405458089,
        "support": 259.0
      },
      "accuracy": 0.858,
      "macro avg": {
        "precision": 0.8578035977210166,
        "recall": 0.8581761963504702,
        "f1-score": 0.8579039430655122,
        "support": 500.0
      },
      "weighted avg": {
        "precision": 0.8582455028487292,
        "recall": 0.858,
        "f1-score": 0.858036944974803,
        "support": 500.0
      }
    }
  },
  "response": {
    "accuracy": 0.8805,
    "f1_macro": 0.874,
    "f1_weighted": 0.8816,
    "n_samples": 318,
    "classification_report": {
      "safe": {
        "precision": 0.9312169312169312,
        "recall": 0.8756218905472637,
        "f1-score": 0.9025641025641026,
        "support": 201.0
      },
      "unsafe": {
        "precision": 0.8062015503875969,
        "recall": 0.8888888888888888,
        "f1-score": 0.8455284552845529,
        "support": 117.0
      },
      "accuracy": 0.8805031446540881,
      "macro avg": {
        "precision": 0.8687092408022641,
        "recall": 0.8822553897180763,
        "f1-score": 0.8740462789243277,
        "support": 318.0
      },
      "weighted avg": {
        "precision": 0.8852207061948176,
        "recall": 0.8805031446540881,
        "f1-score": 0.8815792889423816,
        "support": 318.0
      }
    }
  }
}